code,system
14B3.11,readv2
AB63600,readv2
H06..00,readv2
H30..12,readv2
H300.00,readv2
H301.00,readv2
H302.00,readv2
H30z.00,readv2
H31..00,readv2
H310.00,readv2
H310000,readv2
H310z00,readv2
H311100,readv2
H312011,readv2
H312100,readv2
H31y.00,readv2
H31y100,readv2
H31yz00,readv2
H31z.00,readv2
H33zz13,readv2
H460.00,readv2
H460z00,readv2
H583200,readv2
14B4.00,readv2
173A.00,readv2
173c.00,readv2
173d.00,readv2
1780,readv2
1O2..00,readv2
6.63E+02,readv2
6.63E+102,readv2
663N.00,readv2
663N000,readv2
663N100,readv2
663N200,readv2
663O.00,readv2
663O000,readv2
663P.00,readv2
663P000,readv2
663P100,readv2
663P200,readv2
663Q.00,readv2
663U.00,readv2
663V.00,readv2
663V000,readv2
663V100,readv2
663V200,readv2
663V300,readv2
663W.00,readv2
663d.00,readv2
663e.00,readv2
663f.00,readv2
663h.00,readv2
663j.00,readv2
663m.00,readv2
663n.00,readv2
663p.00,readv2
663q.00,readv2
663r.00,readv2
663s.00,readv2
663t.00,readv2
663u.00,readv2
663v.00,readv2
663w.00,readv2
663y.00,readv2
66YC.00,readv2
66YP.00,readv2
66Yq.00,readv2
66Yr.00,readv2
66Ys.00,readv2
66Yu.00,readv2
G581.11,readv2
H312000,readv2
H33..00,readv2
H33..11,readv2
H330.00,readv2
H330.11,readv2
H330.12,readv2
H330.13,readv2
H330.14,readv2
H330000,readv2
H330011,readv2
H330100,readv2
H330111,readv2
H330z00,readv2
H331.00,readv2
H331.11,readv2
H331000,readv2
H331100,readv2
H331111,readv2
H331z00,readv2
H332.00,readv2
H333.00,readv2
H334.00,readv2
H335.00,readv2
H33z.00,readv2
H33z011,readv2
H33z100,readv2
H33z111,readv2
H33z200,readv2
H33zz00,readv2
H33zz11,readv2
H33zz12,readv2
H35y700,readv2
SLF7z00,readv2
TJF7.00,readv2
TJF7z00,readv2
U60F600,readv2
U60F611,readv2
U60F61A,readv2
14H4.00,readv2
H310100,readv2
H350.00,readv2
H352000,readv2
H352100,readv2
H356.00,readv2
H35y000,readv2
H35y500,readv2
H55..11,readv2
H563.11,readv2
H57..00,readv2
H570.00,readv2
H57y000,readv2
H57y100,readv2
H57y200,readv2
H57y300,readv2
H57y500,readv2
H58y400,readv2
14H5.00,readv2
H54..00,readv2
H541.00,readv2
663x.00,readv2
TJF7300,readv2
U60F615,readv2
A115.00,readv2
H34..00,readv2
H341.00,readv2
P861.00,readv2
H30..00,readv2
H30..11,readv2
H4y..00,readv2
H5X..00,readv2
H311.00,readv2
H311000,readv2
H311z00,readv2
H501400,readv2
H312.00,readv2
H312z00,readv2
H5y0300,readv2
H313.00,readv2
H32..00,readv2
H321.00,readv2
H322.00,readv2
H32y.00,readv2
H32y100,readv2
H32y200,readv2
SP2y000,readv2
H320.00,readv2
H320000,readv2
H320100,readv2
H320200,readv2
H320300,readv2
H320z00,readv2
H32yz00,readv2
H32z.00,readv2
H33z000,readv2
H34z.00,readv2
H35yz00,readv2
H35z.00,readv2
H35z000,readv2
H35zz00,readv2
H41z.00,readv2
H45..00,readv2
H464z00,readv2
H46z.00,readv2
H46zz00,readv2
H4y1z00,readv2
H4yz.00,readv2
H4z..00,readv2
H500400,readv2
H501100,readv2
H501300,readv2
H50z.00,readv2
H52yz11,readv2
H52z.00,readv2
H530z00,readv2
H53z.00,readv2
H540z00,readv2
H541z00,readv2
H54z.00,readv2
H563z00,readv2
H56yz00,readv2
H56z.00,readv2
H57yz00,readv2
H583z00,readv2
H58yz00,readv2
H58z.00,readv2
H5y0200,readv2
H5y1200,readv2
H5y1300,readv2
H5y1z00,readv2
H340.00,readv2
H35..00,readv2
H35..11,readv2
H35z100,readv2
H351.00,readv2
H352.00,readv2
H352z00,readv2
H353.00,readv2
H354.00,readv2
H355.00,readv2
H35y100,readv2
H35y200,readv2
H40..00,readv2
H357.00,readv2
H35y.00,readv2
H35y600,readv2
H35y800,readv2
H464.00,readv2
H4...00,readv2
H4...11,readv2
H420.00,readv2
H4...12,readv2
H41..00,readv2
H410.00,readv2
H410.11,readv2
H42..00,readv2
H42z.00,readv2
H421.00,readv2
H422.00,readv2
H423.00,readv2
H48..00,readv2
H43..00,readv2
H43z.00,readv2
H431.00,readv2
H433.00,readv2
H464200,readv2
H55..00,readv2
H563.00,readv2
H563.13,readv2
H563100,readv2
H563200,readv2
H432.00,readv2
H434.00,readv2
H435.00,readv2
H44..00,readv2
H44z.00,readv2
H440.00,readv2
H441.00,readv2
H450.00,readv2
H58y500,readv2
H46..00,readv2
H464000,readv2
H464100,readv2
H465.00,readv2
H541000,readv2
H47..00,readv2
H4y1.00,readv2
H4y1000,readv2
H5y0400,readv2
H4y2.00,readv2
H4y2100,readv2
H4yy.00,readv2
H5...00,readv2
H572.00,readv2
H57y400,readv2
H5y..00,readv2
H5yy.00,readv2
H5yz.00,readv2
H5z..00,readv2
H50..00,readv2
H500.00,readv2
H500000,readv2
H500100,readv2
H501.00,readv2
H501000,readv2
H501200,readv2
H501500,readv2
H52y100,readv2
H501600,readv2
H53..00,readv2
H531.00,readv2
H530.00,readv2
H530000,readv2
H530100,readv2
H530200,readv2
H530300,readv2
H56y000,readv2
H571.00,readv2
H540.00,readv2
H540000,readv2
H540100,readv2
H56..00,readv2
H560.00,readv2
H562.00,readv2
H563000,readv2
H56y.00,readv2
H561.00,readv2
H563.12,readv2
H563300,readv2
H56y100,readv2
H58y300,readv2
H58y700,readv2
H564.00,readv2
H564.11,readv2
H57y.00,readv2
H58..00,readv2
H58y.00,readv2
H583.00,readv2
H583100,readv2
H583000,readv2
H58y000,readv2
H58y100,readv2
H5y1000,readv2
H5y1100,readv2
H58y200,readv2
H59..00,readv2
H591.00,readv2
H592.00,readv2
H593.00,readv2
H5B..00,readv2
H5B0.00,readv2
H5y0.00,readv2
H5y0z00,readv2
H5y0000,readv2
H5y0100,readv2
H5y1.00,readv2
H5y1.11,readv2
H5y1.12,readv2
H5y1400,readv2
H5y1500,readv2
H5y1600,readv2
SK07.00,readv2
SK07.11,readv2